timestamp,record_type,segment_id,capacity,occupied,occupancy_rate,available_spots,model_source,predicted_occupied,predicted_occupancy_rate,mae,rmse,mape,hour_of_day,day_of_week,day_name,is_weekend,is_peak_hour,data_split
2026-02-17 17:51:33.611089,model_performance,ALL,,,,,LSTM,,,0.20167392337073883,0.23398791640115102,,,,,,,
2026-02-17 17:51:33.612098,model_performance,ALL,,,,,Linear_Regression,,,0.23,0.2780287754891569,,,,,,,
2026-02-17 17:51:33.612098,model_performance,ALL,,,,,Random_Forest,,,0.2094,0.2592296279363144,,,,,,,
2026-02-17 17:51:33.612098,model_performance,ALL,,,,,Gradient_Boosting,,,0.2126,0.260768096208106,,,,,,,
2026-02-17 17:51:33.612098,model_performance,ALL,,,,,Neural_Network,,,0.214,0.26229754097208,,,,,,,
